BookID,title,author,publisher,Edition,"YearPrint
",numberOfPages,categorie,summary,insurance,rent,rentTime,copiesRent,purch,purchasingadmin,purchasing,copiesPurchas,Profit,rack,source,img
1,فن الرواية,1,1,,,264,6,,25,6,30,1,0,0,0,0,0,1,1,
2,العادات السبع للناس الأكثر فعالية,18,2,28,2013,432,4,,25,6,30,1,1,40,0,0,0,1,1,
3,نظم نفسك,24,2,4,2013,128,4,,18,6,14,1,1,22,0,0,0,1,1,
4,كيف تذاكر,24,2,1,2013,236,4,,23,8,21,2,1,30,0,0,0,1,1,
5,حسن من كتابتك,24,2,1,2013,140,4,,18,6,14,1,1,22,0,0,0,1,1,
6,تفوق في أي امتحان,24,2,6,2013,134,4,,18,6,14,1,1,22,0,0,0,1,1,
7,لا تخف,84,5,1,2015,179,6,,20,7,14,1,1,25,0,0,0,1,1,
8,لماذا يعمل الطلاب الممتازون لدى الطلاب المتوسطين,49,2,1,2015,452,4,,45,12,30,1,1,60,0,0,0,1,1,
9,50 قصة عربية إسلامية ميسرة للأطفال,79,31,5,2013,114,7,,10,3,14,1,1,13,0,0,0,1,1,
10,جبل العجائب,78,10,17,,46,7,,6,2,7,1,1,8,0,0,0,1,1,
11,التاج المسحور,76,10,6,,43,7,,6,2,7,1,1,8,0,0,0,1,1,
12,الفأرة البيضاء,75,10,19,0,46,7,,6,2,7,1,1,8,0,0,0,1,1,
13,الراعي الشجاع,77,10,23,,46,7,,6,2,7,1,1,8,0,0,0,1,1,
14,في جزيرة النور,75,10,18,,47,7,,6,2,7,1,1,8,0,0,0,1,1,
15,قصير الذيل,75,10,18,,46,7,,6,2,7,1,1,8,0,0,0,1,1,
16,أمينة.. ممكن أن أكون صديقك,29,32,1,2014,24,7,,15,4,7,1,1,20,0,0,0,1,1,
17,أنا أحزن.. أنا إنسان,29,32,1,2014,24,7,,15,4,7,1,1,20,0,0,0,1,1,
18,صديقك الشاكر- كن لطيفا,,2,,,24,7,,8,3,7,1,1,12,0,0,0,1,1,
19,صديقك المخلص- كن لطيفا,,2,1,2014,24,7,,8,3,7,1,1,12,0,0,0,1,1,
20,صديقك العطوف- كن لطيفا,,2,1,2014,24,7,,8,3,7,1,1,12,0,0,0,1,1,
21,توفير الطاقة-قضايا بيئية,35,6,,,23,7,,7,3,14,1,1,7,0,0,0,1,1,
22,إزالة الغابات والتصحر- قضايا بيئية,83,6,,,23,7,,7,3,14,1,1,7,0,0,0,1,1,
23,الطاقة المتجددة والبديلة-قضايا بيئية,82,6,,,23,7,,7,3,14,1,1,7,0,0,0,1,1,
24,الطقس السيئ- قضايا بيئية,81,6,,,23,7,,7,3,14,1,1,7,0,0,0,1,1,
25,تغير المناخ-قضايا بيئية,80,6,,,23,7,,7,3,14,1,1,7,0,0,0,1,1,
26,الغيرة,25,2,1,2011,127,5,,8,2,7,2,1,12,0,0,0,1,1,
27,الاستغناء,25,2,1,2011,127,5,,8,2,7,1,1,12,0,0,0,1,1,
28,زنزانة,26,4,1,2014,433,2,,15,5,21,1,1,20,0,0,0,1,1,
29,حياة مجتمع,6,4,1,2012,96,2,,10,3,7,1,1,15,0,0,0,1,1,
30,مقدمة لمشروع نهضوي,6,4,1,2014,184,2,,15,5,14,1,1,20,0,0,0,1,1,
31,ثقافة العمل الخيري,6,4,2,2012,78,2,,8,3,7,1,1,12,0,0,0,1,1,
32,100 من عظماء أمة الإسلام,27,27,9,2015,464,3,,27,9,30,1,1,35,0,0,0,1,1,
33,عشرة أمور تمنيت لو عرفتها قبل دخولي الجامعة,85,4,4,2013,169,4,,20,6,14,1,1,25,0,0,0,1,1,
34,فكر قد نكون مكانهم,16,12,1,2013,326,4,,20,6,14,2,1,50,0,0,0,1,1,
35,من حديث النفس,30,11,8,2011,312,6,,15,5,14,1,1,25,0,0,0,1,1,
36,أبو بكر الصديق,30,11,6,2006,433,3,,15,5,14,1,1,25,0,0,0,1,1,
37,فصول في الثقافة والأدب,30,11,1,2007,317,6,,15,5,14,1,1,25,0,0,0,1,1,
38,كون أينشتاين,33,28,3,2014,221,3,,30,8,14,1,1,40,0,0,0,1,1,
39,الجزيرة المغلقة,34,1,1,2010,373,1,,30,10,21,1,1,40,0,0,0,1,1,
40,حتى الملائكة تسأل,31,33,,2013,335,2,,20,7,30,1,0,0,0,0,0,1,1,
41,مهارات الحياة الوجدانية,32,34,1,2008,310,5,,40,12,30,1,1,60,0,0,0,1,1,
42,المراهقون المزعجون,32,34,1,2010,326,5,,40,12,30,1,1,60,0,0,0,1,1,
43,التجاوب مع الضغوط,86,2,1,2014,250,4,,30,8,21,1,1,35,0,0,0,1,1,
44,دليل المستخدم للتوتر,87,2,1,2013,219,4,,15,5,21,1,1,20,0,0,0,1,1,
45,Mba ماجستير إدارة الأعمال في يوم واحد,64,2,1,2015,287,4,,27,8,30,1,1,35,0,0,0,1,1,
46,الذكاء الإيجابي,57,2,1,2014,232,4,,30,8,30,1,1,40,0,0,0,1,1,
47,ما تشعر به يمكنك علاجه,63,2,1,2014,213,4,,23,7,14,1,1,30,0,0,0,1,1,
48,عش هانئا,6,35,1,2004,276,4,,10,3,14,1,1,15,0,0,0,1,1,
49,حسن قراءتك,24,2,6,2013,139,4,,18,6,14,1,1,22,0,0,0,1,1,
50,خواطر شاب,88,26,8,2014,164,4,,14,4,14,2,1,18,0,0,0,1,1,
51,خواطر 2,88,26,5,2014,135,4,,14,4,14,1,1,18,0,0,0,1,1,
52,التسامح أعظم علاج على الأطلاق,60,2,9,2013,117,4,,8,3,7,1,1,12,0,0,0,1,1,
53,الاعتزاز بالنفس,90,2,1,2015,220,4,,20,6,21,1,1,25,0,0,0,1,1,
54,لون حياتك,22,,8,2013,217,4,,20,5,14,1,1,25,0,0,0,1,1,
55,أفكار نحيا بها,22,,1,2013,254,4,,20,6,14,1,1,25,0,0,0,1,1,
56,25 وسيلة للفوز مع الناس,91,2,1,2014,224,4,,15,5,14,1,1,20,0,0,0,1,1,
57,أهم خمسة أشياء يندم عليها المرء عند الموت,65,2,1,2014,294,4,,30,8,30,1,1,40,0,0,0,1,1,
58,شوربة دجاج الحياة أوقات صعبة وأشخاص أقوياء,,2,,,0,4,,40,10,30,0,1,50,0,0,0,1,1,
59,مقدمة لمشروع نهضوي,6,4,1,2014,184,2,,15,4,7,1,1,20,0,0,0,1,1,
61,الظاهرة القرآنية,92,33,12,2015,318,2,,16,6,30,1,1,22,0,0,0,1,1,
62,القرآن لفجر آخر,21,5,1,2015,471,2,,45,11,30,2,1,55,0,0,0,1,1,
63,الإسلام بين الشرق والغرب,62,36,1,1994,411,2,,40,10,30,2,1,50,0,0,0,1,1,
64,وبدأ العد التنازلي,93,24,,,120,2,,8,2,7,1,1,12,0,0,0,1,1,
65,رأيت الله,93,24,,,168,2,,8,3,7,0,1,12,0,0,0,1,1,
66,من أسرار القرآن,93,24,,,87,2,,8,2,7,1,1,12,0,0,0,1,1,
67,الوجود والعدم,93,24,,,125,2,,8,2,7,1,1,12,0,0,0,1,1,
68,محمد صلى الله عليه وسلم,93,24,,,110,2,,8,2,7,1,1,12,0,0,0,1,1,
69,حوار مع صديقي الملحد,93,24,,,159,2,,8,3,7,1,1,12,0,0,0,1,1,
70,نيوتن,67,28,1,2014,158,3,,15,5,14,1,1,20,0,0,0,1,1,
71,داروين مترددا,66,28,2,2014,256,3,,30,8,21,1,1,40,0,0,0,1,1,
72,أقوم قيلا,28,,24,2014,223,2,,30,8,14,1,1,40,0,0,0,1,1,
73,أنا وأخواتها,26,4,5,2014,367,2,,15,5,21,1,1,20,0,0,0,1,1,
74,هتاف المجد,30,11,6,2011,289,2,,15,5,14,1,1,25,0,0,0,1,1,
75,التربية الذكية,94,2,1,2015,222,5,,23,7,30,1,1,30,0,0,0,1,1,
76,عودة الغائب,95,1,5,2013,279,1,,20,7,14,1,1,24,0,0,0,1,1,
77,الحب في زمن الكوليرا,96,37,,2012,479,1,,30,10,21,1,1,39,0,0,0,1,1,
78,قطز,95,1,1,2014,399,1,,30,10,21,1,1,40,0,0,0,1,1,
79,أبناؤنا جواهر ولكننا حدادون,97,33,7,2014,129,5,,8,2,7,1,1,12,0,0,0,1,1,
80,المنزل الأعوج,50,2,1,2014,232,1,,18,6,14,1,1,25,0,0,0,1,1,
81,شبكة العنكبوت,50,2,1,2014,196,1,,18,6,14,1,1,25,0,0,0,1,1,
82,واحد اثنان أربط حذائي,50,2,1,2014,225,1,,18,6,14,1,1,25,0,0,0,1,1,
83,التجهيز لمرحلة رياض الأطفال,69,2,1,2014,232,5,,25,8,30,1,1,32,0,0,0,1,1,
84,كوكب غوغل,98,1,1,2011,350,6,,30,10,30,1,1,42,0,0,0,1,1,
85,كيف تتحدث فيصغي الصغار إليك وتصغي إليهم عندما يتكلمون,68,26,5,2013,388,5,,18,6,30,1,1,25,0,0,0,1,1,
86,فن الانتقاء,99,1,1,2010,343,6,,30,10,30,1,1,30,0,0,0,1,1,
87,جواهر لال نهرو,100,38,1,2010,80,3,,6,2,7,1,1,5,0,0,0,1,1,
88,عظماء بلا مدارس,,26,10,2015,399,3,,33,11,30,1,1,45,0,0,0,1,1,
89,نيلسون مانديلا,101,39,1,2013,116,3,,15,5,7,1,1,20,0,0,0,1,1,
91,هناء في مدينة المسموح,102,,,,28,7,,15,4,7,1,0,0,0,0,0,1,3,
92,تخيل,102,,,,36,7,,15,4,7,1,0,0,0,0,0,1,3,
93,سلسلة حدثتني السيرة - النجم يتحدث,102,,,,27,7,,15,4,7,1,0,0,0,0,0,1,3,
94,سلسلة حدثتني السيرة - الحائط يتحدث,102,,,,19,7,,15,4,7,1,0,0,0,0,0,1,3,
95,سلسلة حدثتني السيرة- الموجودات تدافع عن رسول الله,102,,,,19,7,,15,4,7,1,0,0,0,0,0,1,3,
96,سلسلة حدثتني السيرة - الحجر الأسود يتحدث,102,,,,23,7,,15,4,7,1,0,0,0,0,0,1,3,
97,سلسلة حدثتني السيرة- اليوم السعيد يتحدث,102,,,,17,7,,15,4,7,1,0,0,0,0,0,1,3,
98,سلسلة حدثني السيرة - الصومعة تتحدث,102,,,,19,7,,15,4,7,1,0,0,0,0,0,1,3,
99,سلسلة حدثتني السيرة - الناقة تتحدث,102,,,,21,7,,15,4,7,1,0,0,0,0,0,1,3,
100,سلسلة حدثتني السيرة- اليوم يتحدث,102,,,,15,7,,15,4,7,1,0,0,0,0,0,1,3,
101,ما يحتاجه العالم الآن,73,2,1,2014,143,7,,5,2,7,1,1,8,0,0,0,1,1,
102,كريستوف كولومبوس,,30,3,2014,64,7,,15,5,7,1,1,20,0,0,0,1,1,
103,وليم شكسبير,,30,1,2014,64,7,,15,5,7,1,1,20,0,0,0,1,1,
104,ألبرت آينشتاين,72,29,2,2012,64,7,,15,5,7,1,1,20,0,0,0,1,1,
105,بيكاسو,71,29,2,2012,64,7,,15,5,7,1,1,20,0,0,0,1,1,
106,ليوناردو دافنشي,70,29,2,2012,64,7,,15,5,7,1,1,20,0,0,0,1,1,
107,كتاب الحكواتي,103,40,1,2014,112,7,,15,5,14,1,1,20,0,0,0,1,1,
108,التحكم في الغضب,,2,1,2015,16,7,,4,1,7,1,1,6,0,0,0,1,1,
109,أنا خائف,,2,1,2015,16,7,,4,1,7,1,1,6,0,0,0,1,1,
110,حكايات كليلة ودمنة,59,23,1,2014,128,7,,28,8,21,1,1,35,0,0,0,1,1,
111,أطفالك نجوم المستقبل,58,22,2,2010,133,7,,15,5,21,1,1,10,0,0,0,1,1,
112,100 قصة وقصة من حياة عثمان بن عفان,104,41,,,95,7,,7,2,7,1,1,8,0,0,0,1,1,
113,100 قصة وقصة من حياة خالد بن الوليد,104,41,,,96,7,,7,2,7,1,1,8,0,0,0,1,1,
114,100 قصة وقصة من حياة عمر بن عبد العزيز,104,41,,,95,7,,7,2,7,1,1,8,0,0,0,1,1,
115,أسماء الله الحسنى 1,105,42,1,2013,541,2,,40,12,30,0,0,0,0,0,0,1,1,
116,أسماء الله الحسنى 2,105,42,1,2013,541,2,,40,12,30,1,0,0,0,0,0,1,1,
117,أسماء الله الحسنى3,105,42,1,2013,541,2,,40,12,30,1,0,0,0,0,0,1,1,
118,النوع الآخر من الذكاء,45,2,1,2011,228,4,,15,5,21,1,1,15,0,0,0,1,1,
119,العلاج بالنقر,42,2,1,2014,251,4,,28,9,30,1,1,35,0,0,0,1,1,
120,إدارة الموارد البشرية,,43,1,2005,369,4,,40,12,30,1,1,50,0,0,0,1,1,
121,قوة الإرادة,19,2,1,2013,297,4,,40,12,30,1,1,50,0,0,0,1,1,
122,ذكي لحد التعاسة,,16,,2008,295,4,,15,5,21,1,0,0,0,0,0,1,1,
123,علم تلاميذك مهارات التفكير,3,2,4,2010,170,5,,15,5,21,1,1,20,0,0,0,1,1,
124,استرداد عمر,21,5,,,0,2,,40,10,30,1,1,55,0,0,0,1,1,
125,من الصحوة إلى اليقظة,56,21,4,2010,287,2,,18,6,21,1,1,25,0,0,0,1,1,
126,تدريب الذاكرة في خمس دقائق,48,2,1,2010,192,4,,8,2,14,1,0,0,0,0,0,1,1,
127,فجر طاقتك الكامنة في الأوقات الصعبة,47,2,1,2014,306,4,,9,3,14,1,1,12,0,0,0,1,1,
128,أسرار التسويق,12,2,1,2011,121,4,,15,4,14,1,1,19,0,0,0,1,1,
129,هي هكذا 2,6,,,,0,2,,20,7,30,0,0,0,0,0,0,1,1,
130,ساق البامبو,54,1,,,0,1,,20,7,14,0,1,40,0,0,0,1,1,
131,عالم صوفي,107,44,4,2009,518,4,,35,10,30,1,0,0,0,0,0,1,1,
132,صناعة الواقع,106,45,1,2014,259,4,,30,8,21,1,0,0,0,0,0,1,1,
133,قوانين النهضة,56,46,5,2013,207,2,,15,5,21,1,0,0,0,0,0,1,1,
134,بداية جديدة,56,46,1,2013,48,2,,10,3,7,1,0,0,0,0,0,1,1,
135, جيوبوليتيك,56,46,1,2013,205,2,,15,5,21,1,0,0,0,0,0,1,1,
136,لحظة الإقلاع وتساؤلات المرحلة,56,46,1,2013,88,2,,10,3,14,1,0,0,0,0,0,1,1,
137,أزمة التنظيمات الإسلامية,56,46,1,2015,326,2,,30,10,30,1,0,0,0,0,0,1,1,
138,خطوتك الأولى نحو فهم الاقتصاد,56,46,1,2015,79,2,,10,3,7,1,0,0,0,0,0,1,1,
139,قواعد في الممارسة السياسية,56,46,1,2015,144,2,,12,4,14,1,0,0,0,0,0,1,1,
140,نحو وعي استراتيجي بالتاريخ,56,46,1,2015,142,2,,12,4,14,1,0,0,0,0,0,1,1,
141,الفكر الاستراتيجي في فهم التاريخ,56,46,1,2015,160,2,,12,4,14,1,0,0,0,0,0,1,1,
142,أنا والقرآن سورة آل عمران,56,46,1,2015,208,2,,20,7,21,1,0,0,0,0,0,1,1,
143,الجواب الكافي لمن سأل عن الواء الشافي,109,47,2,2011,400,2,,30,10,30,1,0,0,0,0,0,1,1,
144,البوصلة القرآنية,21,33,5,2011,477,2,,40,12,30,1,1,55,0,0,0,1,1,
145,ألف لعبة مسلية,,8,,,0,5,,9,3,14,0,0,0,0,0,0,1,1,
146,الأب الغني و الأب الفقير,49,2,1,2015,186,4,,30,8,21,1,0,0,0,0,0,1,1,
147,إسلامنا,110,48,2,2006,138,2,,10,3,14,0,0,0,0,0,0,,,
148, تعريف عام بدين الإسلام,30,11,6,2012,248,2,,12,4,21,0,0,0,0,0,0,,,
149,روضة الأنوار في سيرة النبي المختار,111,3,1,2014,352,2,,15,4,30,0,0,0,0,0,0,,,
150,هذا الحبيب يا محب,112,49,,2004,400,2,,20,6,30,0,0,0,0,0,0,,,
151,هذه أخلاقنا حين نكون مؤمنين حقا,113,3,1,,542,2,,15,4,30,0,0,0,0,0,0,,,
152,كتاب الفقه الميسر,,3,1,,472,2,,15,4,30,0,0,0,0,0,0,,,
153,الميسر في علوم التجويد,114,50,1,2009,174,2,,10,3,14,0,0,0,0,0,0,,,
154,ضياع ديني صرخة المسلمين في الغرب,31,51,,2008,407,2,,25,7,30,0,0,0,0,0,0,,,
156,الفردوس المستعار و الفردوس المستعاد,21,51,1,2007,590,2,,50,12,30,0,0,0,0,0,0,,,
157,استرداد عمر,21,,1,2013,448,2,,50,12,30,0,0,0,0,0,0,,,
158,القرآن لفجر آخر,21,5,1,2015,471,2,,50,12,30,2,0,0,0,0,0,,1,
160,المشروع الحضاري الإسلامي,116,52,1,2005,206,2,,12,4,14,1,0,0,0,0,0,,,
161, المناعة الفكريةا,6,,1,,207,2,,15,5,14,1,0,0,0,0,0,,,
162,جدد حياتك,117,53,20,2007,240,2,,15,5,14,2,0,0,0,0,0,,,
163,صوت من الأعماق,6,54,1,2013,144,2,,7,2,7,1,0,0,0,0,0,,,
164,في إشراقة آية,6,55,3,2011,234,2,,15,5,21,1,0,0,0,0,0,,,
165,نم قدراتك العقلية,118,2,4,2011,162,4,,12,4,14,1,0,0,0,0,0,,,
166,قصص من الحياة,30,11,5,2003,304,6,,20,6,21,1,0,0,0,0,0,,,
167,قصص من التاريخ,30,11,1,2002,278,0,,25,7,21,1,0,0,0,0,0,,,
168,قصة كاملة لم يؤلفها بشر,30,11,1,1998,30,6,,5,1,7,1,0,0,0,0,0,,,
169,متعتي في قراءتي,119,,,,98,4,,7,2,7,1,0,0,0,0,0,,,
170,أسرة تقرأ,119,,,,82,4,,7,2,7,1,0,0,0,0,0,,,
171,ثقافة المربي,119,5,2,2015,71,4,,7,2,7,1,0,0,0,0,0,,,
172,الوسواس القهري,7,,7,2010,64,5,,5,1,7,1,0,0,0,0,0,,,
173,أكرم شاه,120,26,1,2007,120,6,,7,2,7,1,0,0,0,0,0,,,
174,سيدات وآنسات,121,57,3,2006,240,1,,12,4,14,2,0,0,0,0,0,,,
175,كأنها  صحابية,122,,1,2010,130,3,,7,2,7,2,0,0,0,0,0,,,
176,أسعد زوجين في العالم,123,58,1,2008,224,2,,20,6,21,1,0,0,0,0,0,,,
177, يوميات القراءة,124,59,1,2015,254,6,,25,7,14,1,0,0,0,0,0,,4,
178,رحيق العمر,125,60,2,2010,461,3,,35,11,30,1,0,0,0,0,0,,4,
179,السيرة الطائرة,126,1,4,2015,297,3,,25,7,14,1,0,0,0,0,0,,4,
180,الملهاة الفلسطينية - أعراس آمنة,126,1,6,2014,143,1,,15,4,7,1,0,0,0,0,0,,4,
181,الملهاة الفلسطينية - قناديل ملك الجليل,126,1,1,2012,559,1,,40,10,30,1,0,0,0,0,0,,4,
182,الملهاة الفلسطينية - طيور الحذر,126,1,4,2009,325,1,,30,8,21,1,0,0,0,0,0,,4,
183,الملهاة الفلسطينية - تحت شمس الضحى,126,1,6,2014,183,1,,25,7,14,1,0,0,0,0,0,,4,
184,الملهاة الفلسطينية - زمن الخيول البيضاء,126,1,5,2011,511,1,,40,10,30,1,0,0,0,0,0,,4,
185,حفلة التفاهة,127,61,1,2014,111,1,,15,4,7,1,0,0,0,0,0,,4,
186,غراميات مرحة,127,61,1,2012,272,1,,20,6,14,1,0,0,0,0,0,,4,
187,الهوية,127,61,1,2010,144,1,,15,4,7,1,0,0,0,0,0,,4,
189,رقصة الوداع,127,61,1,2010,239,1,,20,6,14,1,0,0,0,0,0,,4,
190,الخلود,127,61,1,2014,399,1,,30,8,21,1,0,0,0,0,0,,4,
191,الضحك والنسيان,127,61,1,2009,253,1,,25,7,14,1,0,0,0,0,0,,4,
192,البطء,127,61,1,2013,126,1,,15,4,7,1,0,0,0,0,0,,4,
193,المزحة,127,61,1,2014,381,1,,30,8,21,1,0,0,0,0,0,,4,
194,الحياة في مكان آخر,127,61,1,2012,349,1,,30,8,21,1,0,0,0,0,0,,4,
195,الطاعون,128,62,2,1986,302,1,,25,7,21,1,0,0,0,0,0,,4,
196,مذكرات قارئ,129,63,1,2014,480,4,,45,12,30,1,0,0,0,0,0,,4,
197,كلمة الله,130,64,1,2015,268,1,,20,6,14,1,0,0,0,0,0,,4,
198,مدخل إلى التاريخ الإسلامي,131,1,1,2005,271,3,,25,7,21,1,0,0,0,0,0,,4,
199,في الثورة والقابلية للثورة,132,65,2,2014,238,6,,20,6,14,1,0,0,0,0,0,,4,
200,ذاكرة القهر,133,66,1,2014,350,5,,30,8,30,1,0,0,0,0,0,,4,
201,الرحيل,134,59,1,2014,270,6,,30,8,30,1,0,0,0,0,0,,4,
202,بداية جديدة,56,46,1,2013,48,2,,10,3,7,1,0,0,0,0,0,,4,
203,زنزانة,26,42,1,2015,380,2,,25,8,30,1,0,0,0,0,0,,4,
204,بين الشريعة و السياسة,139,67,2,2013,135,2,,10,3,0,0,0,0,0,0,0,,4,
205,موجز في طبيعة النص القرآني,135,67,1,2014,127,2,,15,3,0,0,0,0,0,0,0,,4,
206,الأمة هي الأصل,136,67,2,2013,94,2,,6,2,0,0,0,0,0,0,0,,4,
207,أعلام الفكر العربي,137,67,2,2013,223,2,,25,8,0,0,0,0,0,0,0,,4,
208,الخيال السياسي لللإسلاميين,138,67,2,2015,144,2,,15,3,0,0,0,0,0,0,0,,4,
209,نحو وعي استراتيجي بالتاربخ,56,67,1,2015,142,3,,15,3,0,0,0,0,0,0,0,,4,
210,مقاصد المقاصد,136,67,2,2014,175,2,,20,7,0,0,0,0,0,0,0,,4,
211,سيادة الأمة قبل تطبيق الشريعة,140,67,2,2013,208,2,,15,3,0,0,0,0,0,0,0,,4,
212,التجدد الحضاري,141,67,1,2015,320,2,,25,8,0,0,0,0,0,0,0,,4,
213,الخلافات السياسية بين الصحابة,142,67,3,2015,288,2,,20,7,0,0,0,0,0,0,0,,4,
214,الحوار أفقا للفكر,143,67,1,2013,190,2,,20,7,0,0,0,0,0,0,0,,4,
215,خطواتك الأولى نحو فهم الاقتصاد,56,67,1,2015,79,4,,10,3,0,0,0,0,0,0,0,,4,
216,نحو عمران جديد,138,67,1,2015,254,2,,25,8,0,0,0,0,0,0,0,,4,
218,البوصلة القرآنية,21,68,1,2014,479,2,,45,10,0,0,0,0,0,0,0,,4,
219,القرآن لفجر جديد,21,5,1,2015,471,2,,45,10,0,0,0,0,0,0,0,,4,
220,سيرة خليفة  قادم,21,5,1,2013,472,2,,45,10,0,0,0,0,0,0,0,,4,
221,في الثورة والقابلية للثورة,132,65,2,2014,238,6,,20,7,0,0,0,0,0,0,0,,4,
222,المجال العام الافتراضي في الثورة السورية,144,65,1,2012,206,6,,20,7,0,0,0,0,0,0,0,,4,
223,العمى,145,69,4,2015,318,6,,20,7,0,0,0,0,0,0,0,,4,
224,الاستقلال الحضاري,116,32,2,2008,238,2,,12,4,14,1,0,0,0,0,0,,4,
225,العدية,84,5,1,2015,226,1,,20,6,14,1,0,0,0,0,0,,4,
226,مقالات في كلمات,30,11,2,1998,256,2,,20,6,21,1,0,0,0,0,0,,4,
227,ذكريات علي الطنطاوي  جزء 1,30,19,7,2011,416,6,,25,8,0,0,0,0,0,0,0,,,
228,ذكريات علي الطنطاوي جزء 2,30,11,7,2011,406,6,,25,8,0,0,0,0,0,0,0,,,
229,ذكريات علي الطنطاوي جزء 3,30,11,7,2011,416,6,,25,8,0,0,0,0,0,0,0,,,
230,ذكريات علي الطنطاوي جزء 4,30,11,7,2011,408,6,,25,8,0,0,0,0,0,0,0,,,
231,ذكريات علي الطنطاوي جزء 5,30,11,7,2011,404,6,,25,8,0,0,0,0,0,0,0,,,
232,ذكريات علي الطنطاوي جزء 6,30,11,7,2011,416,6,,25,8,0,0,0,0,0,0,0,,,
233,ذكريلت علي الطنطاوي جزء 7,30,11,7,2011,414,6,,25,8,0,0,0,0,0,0,0,,,
234,ذكريات علي الطنطاوي جزء 8,30,11,7,2011,406,6,,25,8,0,0,0,0,0,0,0,,,
235,فتاوى علي الطنطاوي - الجزء الأول,30,11,6,2007,326,2,,20,6,14,1,0,0,0,0,0,,1,
236,فتاوى علي الطنطاوي - الجزء الثاني,30,11,2,2007,287,2,,20,6,0,1,0,0,0,0,0,,1,
237,رياض الصالحين,146,70,,2007,544,2,,15,5,30,1,0,0,0,0,0,,1,
238,الأذكار,146,70,,2010,399,2,,15,5,30,1,0,0,0,0,0,,1,
239,قد أفلح من زكاها,147,71,2,2005,207,2,,10,3,14,2,0,0,0,0,0,,1,
240,خليفة رسول الله أبو بكر الصديق,148,,1,2007,288,3,,25,8,30,1,0,0,0,0,0,,1,
241,القيامة الكبرى,149,72,13,2004,283,2,,25,8,30,1,0,0,0,0,0,,1,
242,الطريقة العملية لتعلم وتعليم القرآن,150,,4,2007,107,2,,10,3,7,1,0,0,0,0,0,,1,
243,هموم داعية,117,47,2,1996,165,2,,12,4,14,1,0,0,0,0,0,,1,
244,المدخل لدراسة التوراة العهد القديم,151,73,1,1990,384,2,,35,8,30,1,0,0,0,0,0,,1,
245,سهرة عائلية في رياض الجنة,152,47,7,2013,384,2,,30,9,30,1,0,0,0,0,0,,1,
246,االتاريخ الإسلامي 7 العهد المملوكي,153,74,1,1985,336,3,,30,9,30,2,0,0,0,0,0,,1,
247,االجانب الخلقي من سورة القلم,154,75,1,2003,78,2,,7,2,7,1,0,0,0,0,0,,1,
248,نظم الحضارة الإسلامية,155,,1,2002,222,2,,20,6,21,1,0,0,0,0,0,,1,
249,منهج التربية الإسلامية- الجزء الأول,156,60,13,1992,238,2,,25,8,21,1,0,0,0,0,0,,1,
250,منهج التربية الإسلامية - الجزء الثاني,156,60,10,1992,379,2,,30,10,30,1,0,0,0,0,0,,1,
251,النقود ونظام النقد الدولي,158,76,1,1999,202,4,,20,6,14,1,0,0,0,0,0,,1,
252,التصوير الفني في القرآن,157,60,10,1988,259,2,,15,4,14,1,0,0,0,0,0,,1,
253,الوعد الحق,159,34,2,2007,300,2,,40,12,30,1,0,0,0,0,0,,1,
254,قواعد الحب,160,2,2,2010,229,4,,15,5,14,1,0,0,0,0,0,,1,
255,اكتشاف الذات,6,3,1,2013,196,4,,10,3,14,1,0,0,0,0,0,,1,
256,اختبارات نسبة الذكاء والقياس النفسي,118,2,1,2005,315,5,,30,8,21,1,0,0,0,0,0,,1,
257,البحث عن الامتياز,161,2,1,1997,539,4,,40,12,30,1,0,0,0,0,0,,1,
258,ضغط العمل طريقك إلى النجاح,162,2,1,1996,308,4,,25,7,14,1,0,0,0,0,0,,1,
259,لا تهتم بصغائر الأمور مع أسرتك,163,2,1,1999,383,4,,30,8,21,1,0,0,0,0,0,,1,
260,الرجال من المريخ والنساء من الزهرة,63,2,1,2006,412,4,,35,9,30,1,0,0,0,0,0,,1,
261,المكتبة في الليل,124,69,2,2013,268,3,,15,5,14,1,0,0,0,0,0,,4,
262,الكتب في حياتي,164,69,1,2012,480,3,,30,8,30,1,0,0,0,0,0,,4,
263,ماذا علمتني الحياة,125,60,7,2015,399,3,,45,12,30,1,0,0,0,0,0,,4,
264,المقدرة على التكيف,165,2,1,2013,268,4,,20,6,21,1,0,0,0,0,0,,1,
265,المرونة العاطفية,47,2,1,2014,423,4,,40,12,30,1,0,0,0,0,0,,1,
266,شوربة دجاج للروح التي لا تعرف الهزيمة,,2,1,2013,409,4,,40,10,30,1,0,0,0,0,0,,1,
267,كيف تنمي ذكائك وتقوي ذاكرتك,166,2,1,2000,402,4,,35,10,30,1,0,0,0,0,0,,1,
268,كيف تفكر على طريقة ليوناردو دافنشي,167,77,1,2008,266,4,,30,10,30,1,0,0,0,0,0,,1,
269,القراءة الذكية,168,34,4,2010,100,4,,35,7,14,1,0,0,0,0,0,,1,
270,1001 طريقة للهدوء النفسي,,2,1,2014,384,4,,15,4,14,1,0,0,0,0,0,,1,
271,مع الناس,30,11,4,2003,296,6,,25,7,21,1,0,0,0,0,0,,1,
272,طوفان محمد,21,5,1,2014,287,2,,35,10,30,1,0,0,0,0,0,,4,
273, استرداد عمر,21,5,2,2013,450,2,,50,12,30,1,0,0,0,0,0,,4,
274,الإسلام في حضارته ونظمه,169,51,1,2008,773,2,,45,12,40,1,0,0,0,0,0,,1,
275,القرآن لفجر آخر,21,5,2,2015,471,2,,45,12,30,1,0,0,0,0,0,,4,
276,بناء الثقة بالنفس,170,,,,59,4,,7,2,7,1,0,0,0,0,0,,1,
277,هندسة الإقناع في الاتصال الإنساني,171,78,1,2009,247,4,,30,10,21,1,0,0,0,0,0,,1,
278,في بيتنا مريض نفسي,172,79,3,2005,440,5,,20,7,21,1,0,0,0,0,0,,1,
279,فن التعامل بين الزوجين واحتواء الخلافات الزوجية,147,80,1,2010,349,4,,30,10,30,1,0,0,0,0,0,,1,
280,10 حماقات يرتكبها المتزوجون فتفسد حياتهم,173,81,,,272,4,,35,10,30,1,0,0,0,0,0,,1,
281,هل ارتكبنا حماقة,16,12,1,2013,442,4,,40,12,30,2,0,0,0,0,0,,1,
282,الحاجات النفسية للطفل,32,82,1,2008,177,5,,45,12,30,1,0,0,0,0,0,,1,
283,القفص,174,,1,2003,248,1,,25,7,14,1,0,0,0,0,0,,1,
284,ملائكة وشياطين,175,83,1,2010,176,1,,7,2,7,1,0,0,0,0,0,,1,
285,الأميرة وبنت الريح,176,84,,,315,1,,30,8,14,1,0,0,0,0,0,,1,
286,دفء الليالي الشاتية,177,,3,2003,175,1,,20,5,7,1,0,0,0,0,0,,1,
287,مثل كل الأشياء الرائعة,177,,2,2006,202,1,,20,5,7,1,0,0,0,0,0,,1,
288,زيتون الشوارع,126,1,6,2013,207,1,,30,8,14,1,0,0,0,0,0,,4,
289,تلك العتمة الباهرة,178,59,4,2008,223,1,,30,8,14,1,0,0,0,0,0,,4,
290,ومات الجسد وانتهت كل الحكايات,179,85,1,2006,316,1,,30,8,14,1,0,0,0,0,0,,1,
291,6000 ميل,55,1,2,2014,157,1,,25,6,7,1,0,0,0,0,0,,1,
292,الفصام,7,13,,,274,5,,15,5,21,2,0,0,0,0,0,,1,
293,التلخيص أحكام وقواعد في علم التجويد,180,86,1,200,131,2,,10,3,14,1,0,0,0,0,0,,1,
294,نفحات من الأدب الإسلامي,181,87,1,1996,168,2,,15,5,14,1,0,0,0,0,0,,1,
295,تأملات منهجية في تاريخ السنة وأصول الحديث,182,88,1,1992,173,2,,15,5,14,1,0,0,0,0,0,,1,
296,الطريق إلى الإسلام,183,89,,,331,2,,25,8,30,1,0,0,0,0,0,,1,
297,أعشاب عالج بها النبي صلى الله عليه وسلم,184,90,1,2005,167,6,,15,5,21,1,0,0,0,0,0,,1,
298,دليل المبتدئين للفوز في العروض التقديمية,185,2,1,2005,247,4,,20,6,30,1,0,0,0,0,0,,1,
299,كيف تتحدث بثقة أمام الناس,186,5,,2012,287,5,,25,8,30,1,0,0,0,0,0,,1,
300,بغية المرابط في بلاد الشام,,,,,160,6,,15,4,14,3,0,0,0,0,0,,1,
301,على أبواب الملحمة,187,91,,,242,1,,35,8,14,1,0,0,0,0,0,,1,
302,الدولة الإسلامية بين الحقيقة والوهم,188,92,1,2014,271,6,,30,8,30,1,0,0,0,0,0,,1,
303,صيدلية النحل القرآنية,189,,,,112,6,,10,3,14,1,0,0,0,0,0,,1,
304,فقه العبادات الصلاة الزكاة الصيام,190,93,7,1986,287,2,,20,6,30,1,0,0,0,0,0,,1,
305,حوار هادئ مع الدكتور القزويني الشيعي الاثني عشري,191,94,1,2006,436,2,,35,10,30,1,0,0,0,0,0,,1,
306,القراءة السريعة,192,2,1,2000,273,4,,30,8,30,1,0,0,0,0,0,,1,
307,الأبله - الجزء الأول,193,61,2,2015,589,1,,40,12,30,1,0,0,0,0,0,,1,
308,الأبله- الجزء الثاني,193,61,2,2015,532,1,,40,12,30,1,0,0,0,0,0,,1,
309,حقيقة الخديعة,194,1,1,2005,471,1,,35,10,30,2,0,0,0,0,0,,1,
310,السجينة,195,95,6,2006,367,1,,35,10,30,2,0,0,0,0,0,,1,
311,كل نفس تستنشقه,196,2,1,2007,340,1,,35,10,30,1,0,0,0,0,0,,1,
312,نسائم الفجر,197,,1,2007,0,6,,10,3,7,1,0,0,0,0,0,,1,
313,الدقائق الثلاث الأخيرة,198,96,1,2002,131,6,,15,4,14,1,0,0,0,0,0,,1,
314,ديوان مراكب ذكرياتي,199,26,2,2004,193,6,,15,4,14,1,0,0,0,0,0,,1,
315,التخسيس,200,97,1,2010,331,6,,25,7,21,1,0,0,0,0,0,,1,
316,الأميريات,201,,1,2011,288,6,,15,4,14,1,0,0,0,0,0,,1,
317,مذكرات زوجة أولى,202,5,1,2013,95,6,,10,3,7,1,0,0,0,0,0,,1,
318,فوتوشوب للتصميم والإعلان,203,1,1,2008,255,6,,50,12,30,2,0,0,0,0,0,,1,
319,الشبكات العصبية البنية الهندسية الخوارزميات التطبيقات,204,16,1,2000,503,6,,40,12,30,1,0,0,0,0,0,,1,
320,90 عشبة شافية في بيت العطار,205,98,1,2008,488,6,,40,12,30,1,0,0,0,0,0,,1,
321,روائع عائض القرني,206,26,1,2007,321,2,,35,10,30,1,0,0,0,0,0,,1,
322,إشراقات قرآنية - جزء عم 1,26,99,,,445,2,,20,7,30,1,0,0,0,0,0,,1,
323,إشراقات قرآنية - جزء عم 2,26,99,,,448,2,,20,7,30,1,0,0,0,0,0,,1,
324,رحلتي من الشك إلى الإيمان,93,24,,,103,2,,9,3,7,1,0,0,0,0,0,,1,
325,محمد صلى الله عليه وسلم,,100,,,196,2,,15,5,14,3,0,0,0,0,0,,1,
326,غريب في المجرة- سلسلة ضوء في المجرة,21,51,,,168,2,,9,2,7,1,0,0,0,0,0,,1,
327,ملكوت الواقع,21,101,1,2013,129,2,,9,2,7,1,0,0,0,0,0,,1,
328,عالم جديد ممكن,21,101,1,2013,166,2,,9,3,7,1,0,0,0,0,0,,1,
329,المهمة غير المستحيلة,21,101,1,2013,142,2,,9,3,7,1,0,0,0,0,0,,1,
330,ماذا تعرف عن الطائفة النصيرية العلوية,,94,,,48,2,,5,1,7,1,0,0,0,0,0,,1,
331,التوراة والإنجيل والقرآن والعلم,207,74,2,1987,295,2,,30,9,30,1,0,0,0,0,0,,1,
332,الاختزال العلماني والتطرف الصهيوني,208,26,1,1999,280,2,,30,9,30,1,0,0,0,0,0,,1,
333,ثقافة النهضة,6,4,1,2013,144,2,,20,6,14,1,0,0,0,0,0,,1,
334,الخلفية التوراتية للموقف الأمريكي,209,74,2,1994,256,2,,15,4,21,1,0,0,0,0,0,,1,
335,أيها الأصدقا تعالوا نختلف,210,26,1,2005,245,2,,15,5,21,1,0,0,0,0,0,,1,
336,طريق الجنة وطريق النار,30,102,2,1989,29,2,,5,1,7,1,0,0,0,0,0,,1,
337, تأملات,92,51,1,1979,228,2,,20,6,21,1,0,0,0,0,0,,1,
338,خطوة نحو التفكير القويم,6,20,7,2013,203,2,,20,6,14,1,0,0,0,0,0,,1,
339,طوفان محمد,21,101,1,2014,287,2,,35,10,30,1,0,0,0,0,0,,1,
340,ضياع ديني,31,51,1,2008,407,2,,35,10,30,1,0,0,0,0,0,,1,
341,قوة التحكم في الذات,211,,,2006,134,4,,30,8,14,2,0,0,0,0,0,,1,
342,ويبقى الحب ما بقي الحوار,212,103,1,2005,173,4,,8,2,7,1,0,0,0,0,0,,1,
343,المؤسسون في عالم الأعمال,213,,2,2014,720,4,,45,12,40,1,0,0,0,0,0,,1,
344,كتيب الجيب- المفاوض,40,2,1,2011,109,4,,10,3,7,1,0,0,0,0,0,,1,
345,كتيب الجيب - العروض التقديمية,37,2,3,2009,109,4,,10,3,7,1,0,0,0,0,0,,1,
346,كتيب الجيب - التسويق,39,2,4,2010,127,4,,10,3,7,1,0,0,0,0,0,,1,
347,كتيب الجيب - الحسم,41,2,4,2011,108,4,,10,3,7,1,0,0,0,0,0,,1,
348,كتيب الجيب- إدارة الوقت,38,2,7,2011,121,4,,10,3,7,1,0,0,0,0,0,,1,
349,كتيب الجيب- كتيب المدرب,37,2,2,2010,121,4,,10,3,7,1,0,0,0,0,0,,1,
350,أفكار دراكر اليومية في الإدارة,214,2,1,2006,516,4,,30,10,30,1,0,0,0,0,0,,1,
351,دين الفطرة,215,61,3,2013,133,4,,10,3,14,1,0,0,0,0,0,,1,
352,بداية كاتبة,216,,1,2007,92,6,,7,2,14,1,0,0,0,0,0,,1,
353,كتاب التدريبات الشخصية لكتاب العادات السبع للناس الأكثر فعالية,18,2,1,2015,190,4,,20,6,21,1,0,0,0,0,0,,1,
354,الحب قرار,43,2,1,2010,246,4,,30,6,21,1,0,0,0,0,0,,1,
355,إلى أبنائي وبناتي 50 شمعة لإضاءة دروبكم,6,3,2,2013,192,4,,15,4,21,1,0,0,0,0,0,,1,
356,كيف تنصت بشكل أفضل,46,2,1,2011,86,4,,10,3,14,1,0,0,0,0,0,,1,
357,التفكير الذي لا يقهر,17,1,1,2013,143,4,,15,5,14,1,0,0,0,0,0,,1,
358,كيف تكون حاسما في أي وقت,44,2,1,2012,244,4,,15,5,21,1,0,0,0,0,0,,1,
359,لغة الجسد,217,104,1,1993,168,4,,10,3,21,1,0,0,0,0,0,,1,
360,كيف تتعامل مع الناس,218,105,,1998,189,4,,15,5,21,1,0,0,0,0,0,,1,
361,فن الإلقاء المتميز,199,26,1,2010,182,4,,20,6,21,1,0,0,0,0,0,,1,
362,تطبيق قانون الجذب,219,2,2,2009,242,4,,25,7,21,1,0,0,0,0,0,,1,
363,شوربة دجاج للحياة العملية,,2,1,2005,248,4,,30,8,21,1,0,0,0,0,0,,1,
364,شوربة دجاج للروح عزز قدراتك الذهنية,,2,1,2014,202,4,,25,7,21,1,0,0,0,0,0,,1,
365,كيف تحاور,7,15,2,2013,97,4,,10,3,7,1,0,0,0,0,0,,1,
366,بعد المطر,220,5,1,2014,346,1,,15,5,14,1,0,0,0,0,0,,1,
367,عذراء جاكرتا,52,18,1,2013,264,1,,15,5,14,1,0,0,0,0,0,,1,
368,حارة اليهود,52,18,1,2012,192,1,,15,5,14,1,0,0,0,0,0,,1,
369,عمالقة الشمال,52,18,1,2013,248,1,,20,6,14,1,0,0,0,0,0,,1,
370,الرايات السوداء,52,18,1,2013,232,1,,18,6,14,1,0,0,0,0,0,,1,
371,الأرجوحة,108,69,2,2015,224,1,,15,5,14,1,0,0,0,0,0,,1,
372,سياف الزهور,108,69,3,2009,384,1,,25,7,21,1,0,0,0,0,0,,1,
373,كلمة وكليمة,221,106,1,2002,189,6,,15,5,14,1,0,0,0,0,0,,1,
374,العلاج المعرفي السلوكي البصري,8,2,1,2014,345,5,,30,8,30,1,0,0,0,0,0,,1,
375,أسعد امرأة في العالم,222,26,8,2007,188,2,,18,6,14,2,0,0,0,0,0,,1,
376,لكل مزاج علاج,15,8,,,269,4,,10,3,14,1,0,0,0,0,0,,1,
377,الوالدية الإيجابية من خلال استراتيجيات التربية الإيجابية,32,82,2,2013,281,5,,50,12,30,1,0,0,0,0,0,,1,
378,الشفق,223,61,2,2009,487,1,,35,8,30,1,0,0,0,0,0,,1,
379,التخلف الاجتماعي,224,61,13,2014,255,5,,30,8,30,1,0,0,0,0,0,,1,
380,الصحة النفسية,224,61,4,2013,333,5,,30,8,30,1,0,0,0,0,0,,1,
381,عقل غير هادئ,10,1,1,2008,239,5,,30,8,21,1,0,0,0,0,0,,1,
382,جريمة قتل في المعبد,50,2,1,2007,430,1,,18,6,14,1,0,0,0,0,0,,1,
383,السرو الحزين,50,107,1,2007,301,1,,18,6,14,1,0,0,0,0,0,,1,
384,لغز المنبهات السبعة,50,2,1,2014,284,1,,18,6,14,1,0,0,0,0,0,,1,
385,جريمة في بغداد,50,2,1,2011,292,1,,18,6,14,1,0,0,0,0,0,,1,
386,تحريات باركر باين,50,107,1,2002,292,1,,18,6,14,1,0,0,0,0,0,,1,
387,ذاكرة الجسد تشفيك,14,8,,,167,4,,10,3,14,1,0,0,0,0,0,,1,
388,النفس والحياة,7,4,,,72,5,,10,3,14,1,0,0,0,0,0,,1,
389,الهارب,225,1,1,2007,285,1,,25,7,14,1,0,0,0,0,0,,1,
390,مئة عام من العزلة,96,17,4,2010,536,1,,30,8,21,1,0,0,0,0,0,,1,
391,شيفرة دافنشي,194,1,1,2007,494,1,,25,7,30,2,0,0,0,0,0,,1,
392,ذكريات منتصف الليل,226,2,1,2007,377,1,,18,6,21,1,0,0,0,0,0,,1,
393,حديقة الزهور-االزهرة الحمراء,227,2,1,2007,463,1,,30,8,21,1,0,0,0,0,0,,1,
394,حديقة الزهور-الزهرة الزرقاء,227,2,1,2007,442,1,,30,8,21,1,0,0,0,0,0,,1,
395,حديقة الزهور - الزهرة السوداء,227,2,1,2007,430,1,,30,8,21,1,0,0,0,0,0,,1,
396,الجانب الآخر لمنتصف الليل,226,2,1,2008,473,1,,30,8,21,1,0,0,0,0,0,,1,
397,الحارس,228,1,1,2007,310,1,,30,8,21,1,0,0,0,0,0,,1,
398,الحصن الرقمي,194,1,1,2005,384,1,,30,8,30,2,0,0,0,0,0,,1,
399,هكذا ربانا جدي علي الطنطاوي,229,11,1,1998,155,6,,10,3,7,1,0,0,0,0,0,,1,
400,تركيب المجتمع السوري,230,83,1,2003,116,2,,8,2,7,1,0,0,0,0,0,,1,
401,دليل التعامل في سوق الأسهم,231,2,1,2004,267,4,,25,7,21,1,0,0,0,0,0,,1,
402,أسراب طينية,,108,1,2006,96,6,,15,4,14,1,0,0,0,0,0,,1,
403,مختارات من القصص الأوزبكية,,109,1,2009,222,6,,7,2,14,1,0,0,0,0,0,,1,
404,قصتنا مع اليهود,30,11,2,1991,31,6,,5,1,7,1,0,0,0,0,0,,1,
405,هتلر,2,7,1,2012,263,3,,20,5,21,1,0,0,0,0,0,,1,
406,موجز في تاريخ الزمان,232,110,,,222,6,,20,6,21,1,0,0,0,0,0,,1,
407,الخالدون,218,111,1,1998,166,3,,15,4,14,1,0,0,0,0,0,,1,
408,بحوث ودراسات في تاريخ العرب,,44,1,2000,243,3,,20,6,21,1,0,0,0,0,0,,1,
409,حضارات مفقودة,233,29,2,1992,158,3,,15,4,14,1,0,0,0,0,0,,1,
410,أطلس التاريخ العربي الإسلامي,234,51,15,2009,336,3,,35,10,30,1,0,0,0,0,0,,1,
411,الدولة العباسية,235,81,,2006,448,3,,15,5,21,1,0,0,0,0,0,,1,
412,مدار الفوضى,236,109,,2014,319,6,,10,3,21,1,0,0,0,0,0,,1,
413,الأخلاقيات والحرب,237,109,,2014,431,6,,10,3,21,1,0,0,0,0,0,,1,
414,الفيض جزء 1,66,109,,2014,367,6,,10,3,21,1,0,0,0,0,0,,1,
415,تغريدات  كلمات في الحب و الأمل,7,4,1,2013,64,2,,7,2,7,1,0,0,0,0,0,,1,
416,حروف زرقاء,7,5,1,2013,62,2,,7,2,7,1,0,0,0,0,0,,1,
417,الحضارة و مضامينها,238,109,,2014,183,6,,10,3,14,1,0,0,0,0,0,,1,
418,مشروع الديمقراطية,239,109,,2014,303,6,,10,3,14,1,0,0,0,0,0,,1,
419,الفيض جزء 2,66,109,,2014,367,6,,10,3,14,1,0,0,0,0,0,,1,
420,السياسة الدينية والدول العلمانية,240,109,,2014,415,6,,10,3,14,1,0,0,0,0,0,,1,
421,رجب طيب أردوغان,241,1,3,2014,429,3,,20,6,21,1,0,0,0,0,0,,1,
422,كيف تربي أبناءك في هذا الزمان,242,47,5,2006,191,5,,25,7,21,1,0,0,0,0,0,,1,
423,قصص القرآن,,112,,1997,380,2,,25,7,30,1,0,0,0,0,0,,,
424,قصص من حياة الرسول,243,53,11,2009,540,2,,30,8,30,1,0,0,0,0,0,,,
425,الموسوعة القرآنية الميسرة,,33,10,2011,975,2,,45,12,40,1,0,0,0,0,0,,,
426,مدخل إلى علم الاجتماع,244,113,,,261,5,,25,7,21,1,0,0,0,0,0,,,
427,الصحوة الإسلامية بين الاختلاف المشروع والتفرق المذموم,245,60,1,2001,175,2,,30,8,30,1,0,0,0,0,0,,,
428,الصحوة الإسلامية بين الجمود و التطرف,245,60,1,2001,182,2,,30,8,30,1,0,0,0,0,0,,,
429,الإسلام كبديل,246,56,2,1997,251,2,,30,8,30,1,0,0,0,0,0,,,
430,علم التجويد,247,,1,1996,146,2,,12,4,21,1,0,0,0,0,0,,,
431,مختارات قصصية لأدباء جائزة نوبل,,114,1,2014,191,6,,15,5,21,1,0,0,0,0,0,,,
432,100 قصة وقصة لحل مشاكل  الأولاد,248,8,,,271,5,,10,3,21,1,0,0,0,0,0,,,
433,القوة في يديك ةكيف تنمي ذكاءك العاطفي,249,26,3,2012,232,5,,25,7,30,1,0,0,0,0,0,,,
434,نحب بعضنا ولكن,250,2,1,2010,251,4,,,0,0,0,0,0,0,0,0,,,
435,لو كنت طيرا,26,55,2,2013,266,6,,7,2,7,2,0,0,0,0,0,,,
436,أخرج من طريقك,251,6,1,2010,213,4,,20,6,21,1,0,0,0,0,0,,,
437,همسة في أذن فتاة,242,47,1,2006,262,2,,30,8,30,1,0,0,0,0,0,,,
438,التلخيص أحكام وقواعد في علم التجوبد,252,115,1,2000,131,2,,12,4,21,1,0,0,0,0,0,,,
439,الأمبراطورية الأمريكية البداية والنهاية,253,81,1,2005,367,3,,30,8,30,1,0,0,0,0,0,,,
440,البيان في أركان الإيمان,249,116,1,1999,573,2,,40,12,30,1,0,0,0,0,0,,,
441, القسطنطينية جزء 1,254,109,,2015,407,6,,10,3,21,1,0,0,0,0,0,,,
442,قوة التحكم بالذات,211,117,,2000,125,5,,9,3,14,1,0,0,0,0,0,,,
443,القسطنطينية جزء 2,254,109,,2015,391,6,,10,3,21,1,0,0,0,0,0,,,
444,انثيال الذاكرة هذا ما حصل,255,118,1,2008,351,6,,20,6,21,1,0,0,0,0,0,,,
445,إضطراب ضغوط ما بعد الصدمة النفسية,256,119,1,2012,256,5,,45,12,30,1,0,0,0,0,0,,,
446,محمد كانك تراه,222,106,1,2002,164,2,,7,2,7,1,0,0,0,0,0,,,
447,المدينة الإسلامية وأثرها في الحضارة الأوربية,257,120,2,1982,226,3,,0,0,0,0,0,0,0,0,0,,,
448,عندما تكون الغربة أوطانا,202,5,,,114,6,,7,2,7,1,0,0,0,0,0,,,
449,ماذا لو كانت واقعية,258,77,2,2008,250,1,,20,6,14,1,0,0,0,0,0,,,
450,مختصر تاريخ العالم,259,109,,2013,351,6,,7,2,14,1,0,0,0,0,0,,,
451,عصور نهضة أخرى,260,109,,2014,383,6,,7,2,0,0,0,0,0,0,0,,,
452,الأسرار الكاملة للثقة التامة بالنفس,261,2,1,2008,252,5,,25,7,21,1,0,0,0,0,0,,,
453,شارع برايندلي,262,121,1,2011,110,1,,12,4,14,1,0,0,0,0,0,,,
454,عش الحياة التي تريدها,263,2,2,2008,158,0,,20,6,21,1,0,0,0,0,0,,,
455,وثار الياسمين,84,5,,,0,1,,35,8,14,1,0,0,0,0,0,,1,
456,شوربة دجاج قوة الإيجابية,,2,,,0,4,,40,10,30,1,0,0,0,0,0,,1,
457,العظمة,222,26,,,0,2,,35,8,30,1,0,0,0,0,0,,1,
458,اللياقة الذهنية,,,,,0,4,,25,6,30,1,0,0,0,0,0,,1,
459,إدارة الأولويات,,,,,0,4,,25,6,30,1,0,0,0,0,0,,1,
460,100 طريقة لتعزيز ثقتك بنفسك,,,,,0,4,,12,4,14,1,0,0,0,0,0,,1,
461,أين ولدي,,,,,0,1,,12,4,14,1,0,0,0,0,0,,1,
462,سأخون وطني,108,69,,,0,1,,25,7,14,1,0,0,0,0,0,,1,
463,حكومة الظل,95,1,,,0,1,,20,6,14,1,0,0,0,0,0,,1,
464,ولو ليوم واحد آخر,,,,,0,1,,12,4,14,1,0,0,0,0,0,,,
465,الوردة الزرقاء,264,109,1,2015,304,1,,30,8,14,1,0,0,0,0,0,,1,
466,مقالة في العبودية المختارة,265,122,,2014,90,6,,7,2,7,1,0,0,0,0,0,,1,
467,عام جديد بلون الكرز,266,122,,2013,166,6,,7,2,14,1,0,0,0,0,0,,1,
468,نماذج بشرية,267,122,,2014,134,6,,7,2,14,1,0,0,0,0,0,,1,
469,العصفور الصغير,268,122,,2014,88,6,,7,2,7,1,0,0,0,0,0,,1,
470,النقد الثقافي,269,61,5,2012,312,2,,30,8,30,1,0,0,0,0,0,,1,
471,حدائق الرئيس,270,123,1,2012,271,1,,30,8,14,1,0,0,0,0,0,,1,
472,فنان الاختفاء,271,109,1,2014,223,1,,9,3,14,1,0,0,0,0,0,,1,
473,الرجال الذين يحادثونني,272,109,,,217,1,,7,2,14,1,0,0,0,0,0,,1,
474,جرة الذهب,273,109,,,302,6,,9,3,14,1,0,0,0,0,0,,1,
475,سوفوكل 3,274,109,,,207,6,,9,3,14,1,0,0,0,0,0,,1,
476,الظباء,275,109,,,123,6,,7,2,7,1,0,0,0,0,0,,1,
477,الرقة,276,109,1,2014,214,1,,9,3,14,1,0,0,0,0,0,,1,
478,المدخل إلى علم النفس العام,,124,2,2000,548,5,,45,12,30,1,0,0,0,0,0,,1,
479,مفاهيم خاطئة عن الطب النفسي,7,,6,2004,96,5,,10,3,7,1,0,0,0,0,0,,1,
480,ابتسم,222,26,8,2007,270,2,,30,8,30,1,0,0,0,0,0,,1,
481,الصوفية بين الدين والفلسفة,277,125,,,296,2,,20,6,21,1,0,0,0,0,0,,1,
482,تسهيل القضايا في المواريث والوصايا,278,126,2,2011,340,2,,35,8,30,1,0,0,0,0,0,,1,
483,المجنون,279,127,3,2006,86,1,,9,3,7,1,0,0,0,0,0,,1,
484,وقد خاب من دساها,147,71,1,2006,298,2,,20,6,30,1,0,0,0,0,0,,1,
485,ملائكة وشياطين دان,194,1,1,2005,568,1,,40,10,30,1,0,0,0,0,0,,1,
486,السباحة إلى المنزل,280,109,,,200,1,,10,3,14,1,0,0,0,0,0,,1,
487,عزازيل,281,60,1,2008,468,1,,25,8,21,1,0,0,0,0,0,,1,
488,الرمز المفقود,194,1,1,2010,479,1,,40,10,30,1,0,0,0,0,0,,1,
489,القوزاق,282,66,1,2013,255,1,,25,7,14,1,0,0,0,0,0,,1,
490,الرابح يبقى وحيدا,283,129,5,2014,479,1,,45,12,30,1,0,0,0,0,0,,1,
491,جريمة في قطار الشرق,50,107,1,2003,327,1,,15,5,14,1,0,0,0,0,0,,1,
492,الشبح,284,1,1,2007,334,1,,30,8,30,1,0,0,0,0,0,,1,
493,المؤمن الحقيقي,285,1,1,2007,334,1,,30,8,30,1,0,0,0,0,0,,1,
494,رأيت رام الله,286,61,4,2011,223,1,,20,6,14,1,0,0,0,0,0,,1,
495,الاثنين الأسود,287,1,1,2007,360,1,,35,8,30,1,0,0,0,0,0,,1,
496,على نهر بييدرا هناك جلست فبكيت,283,129,7,2008,205,1,,25,6,14,1,0,0,0,0,0,,1,
497,وجدتك,258,77,1,2007,284,1,,30,8,21,1,0,0,0,0,0,,1,
498,الخيميائي,283,129,16,2008,187,1,,25,6,14,1,0,0,0,0,0,,1,
499,زينة الملكة,288,81,,2009,205,1,,28,7,14,1,0,0,0,0,0,,1,
500,الجنية,289,17,3,2007,239,1,,20,6,14,1,0,0,0,0,0,,1,
501,عيناها,290,109,,2014,311,1,,12,4,21,1,0,0,0,0,0,,1,
502, لعنة الفراعنة,291,2,1,2007,371,1,,25,7,14,1,0,0,0,0,0,,1,
503,مقومات التصور الإسلامي,157,60,3,1988,376,2,,35,8,30,1,0,0,0,0,0,,1,
504,واقعنا المعاصر,156,130,2,1987,552,2,,40,12,40,1,0,0,0,0,0,,1,
505,المرأة بين الفقه والقانون,110,74,6,1984,335,2,,30,9,30,1,0,0,0,0,0,,1,
506,الفتاوى الشرعية لمجموعة البركة المصرفية,,76,1,2007,563,2,,40,10,30,1,0,0,0,0,0,,1,
507,حقق حلمك في حفظ القرآن الكريم,292,34,1,2007,198,2,,35,9,30,1,0,0,0,0,0,,1,
508,حقق حلمك في الوصول إلى الجنة,292,34,1,2011,227,2,,30,9,30,1,0,0,0,0,0,,1,
509,من روائع حضارتنا,110,48,1,1999,288,2,,25,8,21,1,0,0,0,0,0,,1,
510,إلى الذين أسرفوا على أنفسهم,222,106,,2009,312,2,,15,5,21,1,0,0,0,0,0,,1,
511,خواطر قرآنية,293,1,1,2004,430,2,,20,6,21,1,0,0,0,0,0,,1,
512,الفوائد,109,131,1,2002,272,2,,15,5,21,1,0,0,0,0,0,,1,
513,المجتمع المثالي كما تنظمه سورة النساء,294,,,1990,308,2,,20,6,21,1,0,0,0,0,0,,1,
514,قضايا إسلامية معاصرة,295,52,1,2012,0,2,,40,12,30,1,0,0,0,0,0,,1,
515,استمتع بحياتك,296,,,,402,2,,25,7,30,1,0,0,0,0,0,,1,
516,مذاهب فكرية معاصرة,156,60,1,1983,655,2,,40,12,40,1,0,0,0,0,0,,1,
517,لا نأسف على الإزعاج,21,101,1,2015,289,2,,25,7,21,1,0,0,0,0,0,,1,
518,الطقس السئ,,6,,2013,23,7,,7,2,0,0,0,0,0,0,0,,,
519,توفير الطاقة,,6,,2013,23,7,,7,2,0,0,0,0,0,0,0,,,
520,تغير المناخ,,6,,2013,23,7,,7,2,0,0,0,0,0,0,0,,,
521,الطاقة المتجددة والبديلة,,6,,2013,23,7,,7,2,0,0,0,0,0,0,0,,,
522,إزالة الغابات والتصحر,,6,,2013,23,7,,7,2,0,0,0,0,0,0,0,,,
523,الجينات وعلم الوراثة,,6,,2013,48,7,,15,5,0,0,0,0,0,0,0,,,
524,الأمراض الوبائية,,6,,2013,48,7,,15,5,0,0,0,0,0,0,0,,,
525,اللياقة البدنية,,6,,2013,48,7,,15,5,0,0,0,0,0,0,0,,,
526,كيف تقول لا,297,2,6,2011,248,4,,12,4,14,2,0,0,0,0,0,,,
527,زبائن مدى الحياة,298,2,1,1996,273,4,,20,6,21,2,0,0,0,0,0,,,
528,الواسطة في معرفة أحوال مالطة,299,122,,2015,112,6,,7,2,14,1,0,0,0,0,0,,,
529,تأملات في الحضارة والديمقراطية والغيرية,300,122,,2014,172,6,,7,2,14,1,0,0,0,0,0,,,
530,مختارات من الأدب السوداني,301,122,,2015,284,6,,7,2,14,1,0,0,0,0,0,,,
531,سراج الرعاة,302,122,,2014,238,6,,7,2,14,1,0,0,0,0,0,,,
532,لطائف السمر في سكان الزهرة والقمر,303,122,,2013,198,6,,7,2,14,1,0,0,0,0,0,,,
533,أزهار عباد الشمس العمياء,304,109,1,2013,173,1,,7,2,14,1,0,0,0,0,0,,,
534,عطيل يعود,305,109,2,2014,216,6,,7,2,14,1,0,0,0,0,0,,,
535,سمك عسير الهضم,306,109,2,2014,226,6,,7,2,14,1,0,0,0,0,0,,,
536,الحضارة أمي,307,109,,2014,184,1,,7,2,14,1,0,0,0,0,0,,,
537,كوميديا الفظ,308,109,,2015,279,6,,7,2,14,1,0,0,0,0,0,,,
538,الثقافات الثلاث,309,109,,2014,403,6,,7,2,14,1,0,0,0,0,0,,,
539,قراءات في علم النفس الإسلامي,310,132,1,2004,152,5,,7,2,7,1,0,0,0,0,0,,,
540,اكتشف القائد الذي بداخلك,311,2,1,2000,300,4,,25,7,21,1,0,0,0,0,0,,,
541,كيف تزيد مبيعاتك,312,2,1,1996,348,4,,0,0,0,0,0,0,0,0,0,,,
542,الدولة الأموية,313,133,1,2002,463,3,,30,8,30,1,0,0,0,0,0,,,
543,صور من حياة التابعين,314,134,15,1997,508,2,,30,8,30,1,0,0,0,0,0,,,
544,كان يوم كنت,30,26,1,2007,746,2,,45,12,40,1,0,0,0,0,0,,,
545,قصص الأنبياء,315,112,1,1988,588,2,,20,6,30,1,0,0,0,0,0,,,
546,الخلفاء الراشدون,316,135,,,456,2,,20,6,30,1,0,0,0,0,0,,,
547,فندق العالمين,317,109,,2014,174,6,,7,2,14,1,0,0,0,0,0,,,
548,بحوث في المعاملات والأساليب المصرفية الإسلامية جزء 11,318,136,1,2010,330,4,,25,7,30,1,0,0,0,0,0,,,
549,بحوث في المعاملات والأساليب المصرفية الإسلامية جزء 10,318,136,1,2009,311,4,,25,7,30,1,0,0,0,0,0,,,
550,ديوان الإمام الشافعي,,137,1,2008,192,6,,15,5,21,1,0,0,0,0,0,,,
551,رجال بيض أغبياء,319,1,1,2003,288,6,,25,7,30,1,0,0,0,0,0,,,
552,الحرب العالمية الثانية,320,89,18,2001,455,3,,30,8,30,1,0,0,0,0,0,,,
553,الإستثمار في أسواق المال,321,137,,2002,221,4,,15,4,14,1,0,0,0,0,0,,,
554,اكسر قيودك,322,2,2,2007,252,4,,25,7,21,1,0,0,0,0,0,,,
555,الوفاء امرأة,323,108,1,2006,105,6,,15,5,0,0,0,0,0,0,0,,,
556,مملكة التراب,324,61,,,142,5,,15,5,0,0,0,0,0,0,0,,,
557,فن التفوق و النجاح,210,26,1,2005,108,4,,10,3,7,1,0,0,0,0,0,,,
558,ذكريات معتقل من جوانتانامو,325,26,1,2009,360,6,,25,8,21,1,0,0,0,0,0,,,
559,دفتر تحت المجهر,326,57,,2008,171,6,,15,5,7,1,0,0,0,0,0,,,
560,فكر كما يفكر المدراء,327,2,1,2002,303,4,,25,7,30,1,0,0,0,0,0,,,
561,حكايات كفاح,328,2,1,2000,388,4,,30,8,30,1,0,0,0,0,0,,,
562,االدولة العباسية,313,133,1,2002,479,3,,30,8,30,1,0,0,0,0,0,,,
563,فك أسرار ذي القرنين,329,,4,2009,572,2,,50,12,30,1,0,0,0,0,0,,,
564,سيد قطب من الميلاد إلى الاستشهاد,330,47,1,1991,607,3,,45,12,40,1,0,0,0,0,0,,,
565,مفاتح تدبر القرآن والنجاح في الحياة,331,,1,2004,80,2,,10,3,14,1,0,0,0,0,0,,,
566,التاريخ الإسلامي,153,74,1,1995,318,3,,35,9,30,1,0,0,0,0,0,,,
567,من روائع القصص العالمية,,26,2,2003,367,6,,30,8,30,1,0,0,0,0,0,,,
568,النمو الإنساني,332,139,5,,505,5,,35,10,30,1,0,0,0,0,0,,,
569,ستيف جويز,333,2,1,2012,626,3,,30,10,30,1,0,0,0,0,0,,,
570,شخصيات غير قلقة في الإسلام,334,69,5,2014,304,3,,25,7,21,1,0,0,0,0,0,,,
571,عقائد الشيعة الاثني عشر,335,140,10,2009,258,2,,25,7,21,1,0,0,0,0,0,,,
572,الشاي الأخضر,336,75,2,2005,113,6,,10,3,14,1,0,0,0,0,0,,,
573,البحث عن الحقيقة الكبرى,337,142,2,,544,2,,35,9,30,1,0,0,0,0,0,,,
574,مسألة صلب المسيح,338,141,,,208,2,,15,4,21,1,0,0,0,0,0,,,
575,االتاريخ الإسلامي العهد العثماني,153,74,2,1987,584,3,,35,9,30,1,0,0,0,0,0,,,
577,دولة السلاجقة,339,143,1,2007,592,3,,40,10,40,1,0,0,0,0,0,,,
578,قد أفلح من زكاها,147,71,2,2005,207,2,,15,5,21,3,0,0,0,0,0,,,
579,السحاب الأحمر,340,144,,2001,104,6,,10,3,14,1,0,0,0,0,0,,,
581,الفرسان الثلاثة,341,145,,,237,1,,15,5,14,1,0,0,0,0,0,,,
582, التاريخ الإسلامي المعاصر وادي النيل,153,74,1,1991,528,3,,35,9,30,1,0,0,0,0,0,,,
583,آداب الحياة الزوجية,342,146,3,1997,496,5,,40,10,30,1,0,0,0,0,0,,,
584,التاريخ الإسلامي المعاصر  بلاد المغرب,153,74,1,1991,518,3,,35,9,30,1,0,0,0,0,0,,,
585,اذهب حيث يقودك قلبك,343,109,1,2014,206,1,,7,2,14,1,0,0,0,0,0,,,
586,أفريقيا والتحدي,344,109,,2014,295,6,,7,2,14,1,0,0,0,0,0,,,
587,تاريخ إيران الحديثة,345,109,,2014,319,6,,7,2,14,1,0,0,0,0,0,,,
589,لماذا تأخر المسلمون وتقدم غيرهم,346,122,,2014,147,6,,7,2,7,1,0,0,0,0,0,,,
590,المعتمد بن عباد,347,122,,2015,184,6,,7,2,7,1,0,0,0,0,0,,,
591,التفاهم في الحياة الزوجية,348,74,2,2003,268,5,,25,7,21,1,0,0,0,0,0,,,
592,هدية العروسين,147,147,1,2008,214,5,,20,6,21,1,0,0,0,0,0,,,
593,الحضارة الإسلامية في العصور الوسطى,349,121,,2003,292,3,,25,7,21,1,0,0,0,0,0,,,
594,رؤية اسلامية لأحوال العالم المعاصر,156,148,1,1991,255,2,,25,7,21,1,0,0,0,0,0,,,
595,التواصل رغم اختلافاتنا,350,2,1,2005,238,4,,25,7,21,1,0,0,0,0,0,,,
596,صلاة في الحمراء,351,149,1,2011,168,6,,15,5,21,1,0,0,0,0,0,,,
597,أمريكا من الداخل بمنظار سيد قطب,352,47,7,1995,223,2,,15,5,21,1,0,0,0,0,0,,,
598,حديث القمر,221,144,,2001,85,6,,10,3,14,1,0,0,0,0,0,,,
599,رسائل الأحزان,221,144,,2001,94,6,,10,3,14,1,0,0,0,0,0,,,
600,نفحات من الأدب الإسلامي,181,87,1,1996,168,2,,20,6,21,2,0,0,0,0,0,,,
601,أمراض النفس,353,,,2004,758,5,,40,10,30,1,0,0,0,0,0,,,
602,التواصل الأسري,6,55,2,,81,5,,7,2,7,1,0,0,0,0,0,,,
603,بناتي,26,55,2,,176,4,,10,3,14,1,0,0,0,0,0,,,
604,ماجستير إدارة الأعمال في 80 دقيقة,354,,,2012,113,4,,20,6,21,1,0,0,0,0,0,,,
605,نحو نفس مطمئنة واثقة,7,150,1,2004,76,5,,5,1,7,1,0,0,0,0,0,,,
606,كيف ترسم خريطة العقل,355,2,1,2005,132,4,,15,5,14,1,0,0,0,0,0,,,
607,9 شخصيات 9 طرق للنجاح,356,8,,,224,5,,10,3,14,1,0,0,0,0,0,,,
608,الذاكرة الهائلة,357,2,1,2009,395,4,,25,7,21,1,0,0,0,0,0,,,
609,سراج الغولة,358,60,,1996,72,6,,7,2,7,1,0,0,0,0,0,,,
610,القبيلة والقبائلية,359,61,3,2011,279,6,,30,8,21,1,0,0,0,0,0,,,
611,الحرب السابعة,253,81,1,2007,288,6,,20,6,30,1,0,0,0,0,0,,,
612,العرب وعنصر القيادة في القرون الوسطى,,,1,2010,80,3,,25,7,14,1,0,0,0,0,0,,,
613,دراسات في تاريخ الحضارة الإسلامية,360,151,1,1989,511,3,,35,8,30,1,0,0,0,0,0,,,
614,مصر والشام في عهد الأيوبيين و المماليك,361,151,,,402,3,,25,7,30,1,0,0,0,0,0,,,
615,على أبواب المدينة,30,106,1,1993,96,6,,5,1,7,1,0,0,0,0,0,,,
616,مختصر في علم الطباع,361,152,1,2010,99,5,,7,2,7,1,0,0,0,0,0,,,
617,أكثر من رأي,363,32,3,2011,406,6,,25,8,30,1,0,0,0,0,0,,,
618,الحركات الإسلامية في منظور الخطاب العربي المعاصر,364,61,,,272,2,,25,8,21,1,0,0,0,0,0,,,
619,كيف ترسم الوجوه,365,2,1,2009,80,6,,15,5,21,1,0,0,0,0,0,,,
620,جمانة الخجولة,,43,1,2010,31,7,,15,5,14,1,0,0,0,0,0,,,
621,يومي الأول في المدرسة,,2,,2009,36,7,,15,5,21,1,0,0,0,0,0,,,
622,اللون المنسى,,2,,2011,35,7,,12,4,14,1,0,0,0,0,0,,,
623,أدرينالين,21,5,,,0,2,,7,2,7,1,0,0,0,0,0,,,
624,الكبائر,366,153,1,2006,144,2,,0,0,0,0,0,0,0,0,0,,5,
625,ديوان أبي العتاهية,,144,1,2008,576,6,,0,0,0,0,0,0,0,0,0,,5,
626,المسار,367,154,5,2004,544,2,,0,0,0,0,0,0,0,0,0,,5,
627,تاريخ الفكر الإسلامي,368,135,4,2006,159,2,,0,0,0,0,0,0,0,0,0,,5,
628,العقيدة في الله,149,72,15,2004,328,2,,0,0,0,0,0,0,0,0,0,,5,
629,السنن الإلهية في الأمم والجماعات و الأفراد,369,155,3,2013,300,2,,0,0,0,0,0,0,0,0,0,,5,
630,القضاء والقدر,149,72,,2008,118,2,,0,0,0,0,0,0,0,0,0,,5,
631,اقتح النافذة ثمة ضوء,22,,9,2012,24,4,,0,0,0,0,0,0,0,0,0,,5,
632,نحو ثقافة إسلامية أصيلة,149,72,13,2011,368,2,,0,0,0,0,0,0,0,0,0,,5,
633,نهاية العالم,370,156,10,2011,383,2,,0,0,0,0,0,0,0,0,0,,5,
634,المستفاد من قصص القرآن,369,155,1,2009,828,2,,0,0,0,0,0,0,0,0,0,,5,
635,لا تحزن,222,26,9,2007,584,2,,30,8,30,0,0,0,0,0,0,,,
636,شخصية المسلم,371,116,10,2002,335,2,,0,0,0,0,0,0,0,0,0,,,
637,البناء النفسي و الوجداني للقائد الصغير,372,157,1,2015,239,2,,0,0,0,0,0,0,0,0,0,,,
638,ابدأ مشروعك  ولا تتردد,373,,4,2007,223,2,,0,0,0,0,0,0,0,0,0,,,
639,سر إسلام,374,11,1,,247,2,,0,0,0,0,0,0,0,0,0,,,
640,الإتصالات التسويقية المتكاملة,375,158,,2006,360,2,,0,0,0,0,0,0,0,0,0,,,
641,كليلة و دمنة,376,144,,2003,208,6,,0,5,0,0,0,0,0,0,0,,,
642,أساسيات إدارة التسويق الحديث,377,47,1,1995,94,6,,0,0,0,0,0,0,0,0,0,,,
643,المرشد لعلاج نفسك من القلق و الخوف الإجتماعي,378,159,,2010,118,5,,0,0,0,0,0,0,0,0,0,,,
644,تعلم الرسم بألوان الباستيل,,160,,2003,126,6,,0,0,0,0,0,0,0,0,0,,,
645,الوجه المكسور,379,161,1,2012,185,1,,20,6,14,0,0,0,0,0,0,,,
646,3  قواعد لتوجيه الأبناء,380,162,1,2012,189,5,,0,0,0,0,0,0,0,0,0,,,
647,عروض تقنع و تحفز,,26,1,2011,205,5,,0,0,0,0,0,0,0,0,0,,,
648,في بيتنا مراهق,381,8,,2006,382,5,,12,4,0,0,0,0,0,0,0,,,
649,مزيد من الوقت من أجلك,382,2,1,2012,248,5,,0,0,0,0,0,0,0,0,0,,,
650,كيف تتحدث بحيث يستطيع الأطفال التعلم منك,,2,5,2013,248,5,,0,0,0,0,0,0,0,0,0,,,
651,علم التأثير,383,2,7,2011,223,5,,0,0,0,0,0,0,0,0,0,,,
652,اعمل أربع ساعات فقط في الأسبوع,384,2,1,2010,367,5,,0,0,0,0,0,0,0,0,0,,,
653,استثمر مرضك من سلسلة استثمر,385,163,1,2011,107,6,,25,7,14,1,0,0,0,0,0,,,
654,الشخصية المغناطيسية,386,106,1,2000,212,2,,0,0,0,0,0,0,0,0,0,,,
655,خصائص النمو لدى الأطفال,,164,,,58,5,,0,0,0,0,0,0,0,0,0,,,
656,متعة الحديث,387,2,1,2003,316,0,,0,0,0,0,0,0,0,0,0,,,
657,اللغة واضطرابات النطق و الكلام,388,165,,1990,318,5,,0,0,0,0,0,0,0,0,0,,,
658,كيف تطور شركتك,389,38,1,2003,120,4,,0,0,0,0,0,0,0,0,0,,,
659,أسرار يحكيها الخبراء,390,2,1,2011,122,5,,0,0,0,0,0,0,0,0,0,,,
660,مختصر صحيح البخاري,391,153,1,2007,639,2,,0,0,0,0,0,0,0,0,0,,,
661,معلم التجويد,392,,2,2005,223,2,,0,0,0,0,0,0,0,0,0,,,
662,كيف تدير أسرتك,380,162,1,2012,190,5,,0,0,0,0,0,0,0,0,0,,,
663,كيف تواجه أحداث الحياه,380,162,3,2012,209,5,,0,0,0,0,0,0,0,0,0,,,
664,اختبر معدل الذكاء,393,16,1,2000,155,4,,0,0,0,0,0,0,0,0,0,,,
665,لا تقلق بشأن كسب المال,163,2,1,2000,346,4,,0,0,0,0,0,0,0,0,0,,,
666,حتى يضحك الله لنا,394,103,1,2003,127,2,,0,0,0,0,0,0,0,0,0,,,
667,تنمية القدرات الابتكارية و الابداعية عند الفائد الصغير,395,157,1,2015,194,5,,0,0,0,0,0,0,0,0,0,,,
668,فقه المعاملات,396,144,,2006,238,2,,0,0,0,0,0,0,0,0,0,,,
669,كيف تصنع من طفلك نجما,397,163,1,2009,143,5,,0,0,0,0,0,0,0,0,0,,,
670,ستون وسيلة لتيسير ونجاح الزواج,398,,2,,37,5,,0,0,0,0,0,0,0,0,0,,,
671,الطلاق المتحضر,399,165,1,2011,173,5,,0,0,0,0,0,0,0,0,0,,,
672,ملكوت الواقع (كيمياء الصلاة),21,5,6,2013,129,2,,0,0,0,0,0,0,0,0,0,,,
673,عالج مشكلاتك النفسية بنفسك,400,72,3,2008,248,5,,0,0,0,0,0,0,0,0,0,,,
674,قصص الأنبياء,293,146,7,2011,488,2,,0,0,0,0,0,0,0,0,0,,,
675,معجزات الطب النبوي المحمدي,400,,,,268,6,,0,0,0,0,0,0,0,0,0,,,
676,ا لمراسلات التجارية,,167,,,110,6,,0,0,0,0,0,0,0,0,0,,,
677,من أجل عينيك,,168,1,1997,181,1,,0,0,0,0,0,0,0,0,0,,,
678,المخ ذكر أم أنثى؟,401,169,5,2013,391,2,,0,0,0,0,0,0,0,0,0,,,
679,أدب الطبيب,403,169,1,2008,80,6,,0,0,0,0,0,0,0,0,0,,,
680,القواعد العشر,6,4,4,2011,98,5,,0,0,0,0,0,0,0,0,0,,,
681,قصص الأطفال العالمية,404,22,2,2012,127,7,,20,6,0,0,0,0,0,0,0,,,
682,قصص الصالحين,405,171,2,2010,280,2,,0,0,0,0,0,0,0,0,0,,,
683,كيف تجعل الناس تحبك في 90 ثانية,406,2,19,2012,167,5,,0,0,0,0,0,0,0,0,0,,,
684,كيف تتقن فن البيع,407,2,1,2001,514,6,,0,0,0,0,0,0,0,0,0,,,
685,عظماء بلا مدارس,408,26,7,2012,329,2,,0,0,0,0,0,0,0,0,0,,,
686,االتسويق الفعال,375,151,,,619,6,,0,0,0,0,0,0,0,0,0,,,
687,مائة قصة من قصص الصالحين,409,172,2,2002,152,2,,0,0,0,0,0,0,0,0,0,,,
688,التوحد,410,173,1,2007,185,6,,0,0,0,0,0,0,0,0,0,,,
689,دليل المحتار في تربية الصغار,411,172,1,2003,522,5,,0,0,0,0,0,0,0,0,0,,,
690,فوتو شوب للتصميم والإعلان,412,1,1,2008,255,6,,0,0,0,0,0,0,0,0,0,,,
691,مسؤولية الشركاء في النظام و الفقه الإسلامي,412,174,,,204,2,,0,0,0,0,0,0,0,0,0,,,
692,مبادئ الإبداع,414,175,3,2004,140,2,,0,0,0,0,0,0,0,0,0,,,
693,الأحاديث القدسية من الصحيحين,415,146,1,2001,325,2,,0,0,0,0,0,0,0,0,0,,,
694,بالقرآن أسلم هؤلاء,416,47,1,2001,176,2,,0,0,0,0,0,0,0,0,0,,,
695,فن المراسلات التجارية بالإنجليزية,,16,,2002,389,6,,0,0,0,0,0,0,0,0,0,,,
696,غرس الثقة بالنفس عند الأطفال,417,176,1,2005,188,5,,0,0,0,0,0,0,0,0,0,,,
697,طفلك الصغير هل هو مشكلة,418,177,2,1998,227,5,,0,0,0,0,0,0,0,0,0,,,
698,فن الكلام,419,178,,,150,5,,0,0,0,0,0,0,0,0,0,,,
699,المعجزة,420,179,3,2000,56,2,,0,0,0,0,0,0,0,0,0,,,
700,قيادة السوق,414,180,1,2001,99,6,,0,0,0,0,0,0,0,0,0,,,
701,كيف تنصت بشكل أفضل,419,2,1,2011,86,2,,0,0,0,0,0,0,0,0,0,,,
702,متعة النجاح,422,103,1,2004,293,2,,0,0,0,0,0,0,0,0,0,,,
703,أثر الجاذبية الشخصية,423,2,3,2010,267,2,,0,0,0,0,0,0,0,0,0,,,
704,عوامل النجاح,424,61,2,2003,160,4,,0,0,0,0,0,0,0,0,0,,,
705,غير حياتك في 30 يوم,211,181,,2010,183,4,,0,0,0,0,0,0,0,0,0,,,
706,مأخذ اجتماعية على حياة المرأة العربية,425,41,3,2000,88,6,,0,0,0,0,0,0,0,0,0,,,
707,كيف تدخل في الأسلام,426,72,2,1995,58,2,,0,0,0,0,0,0,0,0,0,,,
708,فقه السنة للأطفال,427,158,2,2013,219,7,,0,0,0,0,0,0,0,0,0,,,
709,شكرا أيها الأعداء,26,55,3,,365,2,,0,0,0,0,0,0,0,0,0,,,
710,الصحة النفسية للمرأة,428,166,2,2008,223,5,,0,0,0,0,0,0,0,0,0,,,
711,القائد الصغير و مهارات تخطيط الوقت و إدارة الذات,429,157,1,2015,211,5,,0,0,0,0,0,0,0,0,0,,,
712,قصة الإيمان,429,,,,451,2,,,0,0,0,0,0,0,0,0,,,
713,أخلاق المسلم علاقته بالمجتمع,431,33,1,2003,464,2,,0,0,0,0,0,0,0,0,0,,,
714,المنهج العلمي للعلاقات الجنسية,432,,1,1991,226,6,,0,0,0,0,0,0,0,0,0,,,
715,الإدارة القيادية الشاملة,433,,1,2004,631,6,,0,0,0,0,0,0,0,0,0,,,
716,السمات النفسية لضباط الشرطة,434,120,1,2010,289,6,,0,0,0,0,0,0,0,0,0,,,
717,الدعم النقسي الاجتماعي للأطفال في ظل الحروب و النزاعات,435,182,1,2013,96,5,,0,0,0,0,0,0,0,0,0,,,
718,الأجوبة الفاخرة,436,135,1,1986,195,2,,0,0,0,0,0,0,0,0,0,,,
719,معين الأباء في التربية الجنسية للأبناء,348,74,1,2005,176,5,,0,0,0,0,0,0,0,0,0,,,
720,التبول اللاإرادي عند الأطفال,388,47,1,1988,176,5,,0,0,0,0,0,0,0,0,0,,,
721,مبدعون عبر التاريخ,437,106,1,1999,140,3,,0,0,,0,0,0,0,0,0,,,
722,أفضل الاجابات لأصعب اسئلة التسويق,438,2,1,2001,326,4,,0,0,0,0,0,0,0,0,0,,,
723,مختصر الكلام عن الدولة والخلافة في الإسلام,439,,,,86,0,,0,0,0,0,0,0,0,0,0,,,
724,العثمانيون في التاريخ و الحضارة,440,47,2,1999,550,0,,0,0,0,0,0,0,0,0,0,,,
725,الصلة بين العقيدة و الحاكمية,,,,2015,169,0,,0,0,0,0,0,0,0,0,0,,,
726,الحرية و الطوفان,439,,5,2013,367,0,,0,0,0,0,0,0,0,0,0,,,
727,مختصر أصول الخطاب السياسي الإسلامي القرآني و النبوي و الراشدي,439,,,2014,212,0,,0,0,0,0,0,0,0,0,0,,,
728,مختصر الحرية والطوفان,439,,,2003,234,0,,0,0,0,0,0,0,0,0,0,,,
729,مقالات الثورة و المشروع,442,,,2014,93,0,,0,0,0,0,0,0,0,0,0,,,
730,رجال من التاريخ,30,11,,2015,583,0,,20,6,21,0,0,0,0,0,0,,,
731,كش ملك,21,33,,,84,2,,7,2,7,1,0,0,0,0,0,,,
732,كتاب عبارات التفاوض,444,2,1,2013,229,4,,20,6,21,1,0,0,0,0,0,,,
733,201 طريقة لإدارة الوقت,451,2,4,2010,122,4,,15,5,7,1,0,0,0,0,0,,,
734,أنثى العنكبوت,445,183,,,207,1,,20,6,14,1,0,0,0,0,0,,,
735,بلاغ ضد المواطنة الرقيقة,446,26,1,2007,137,6,,10,3,7,1,0,0,0,0,0,,,
736,قوة الذكاء الاجتماعي,355,2,1,2005,216,4,,25,7,14,1,0,0,0,0,0,,,
737,بين زمنين,447,48,1,2001,214,6,,15,4,14,1,0,0,0,0,0,,,
738,من الحارة مع التحية,448,,1,2013,91,6,,10,3,7,1,0,0,0,0,0,,,
739,العمل مع أصعب الناس,449,2,3,2004,354,4,,25,8,30,1,0,0,0,0,0,,,
740,الضبط بالتقعيد لمتشابه اللفظي في القرآن المجيد,450,,,,116,2,,10,3,7,1,0,0,0,0,0,,,
